filename,dist_2opt,time_2opt_ms,dist_3opt,time_3opt_ms 
tsp_100_1,23211.724225,33,21807.814988,6512
tsp_100_2,24879.912606,27,23014.979152,9076
